property_id,user_id,first_name,last_name,address
31,1,Josephine,Darakjy,4 B Blue Ridge Blvd
34,2,Art,Venere,8 W Cerritos Ave #54
48,3,Lenna,Paprocki,639 Main St
27,4,Donette,Foller,34 Center St
40,5,Simona,Morasca,3 Mcauley Dr
50,6,Mitsue,Tollner,7 Eads St
64,7,Leota,Dilliard,7 W Jackson Blvd
59,8,Sage,Wieser,5 Boston Ave #88
38,9,Kris,Marrier,228 Runamuck Pl #2808
45,10,Minna,Amigon,2371 Jerrold Ave
46,11,Abel,Maclead,37275 St  Rt 17m M
44,12,Kiley,Caldarera,25 E 75th St #69
43,13,Graciela,Ruta,98 Connecticut Ave Nw
14,14,Cammy,Albares,56 E Morehead St
16,15,Mattie,Poquette,73 State Road 434 E
63,16,Meaghan,Garufi,69734 E Carrillo St
1,17,Gladys,Rim,322 New Horizon Blvd
2,18,Yuki,Whobrey,1 State Route 27
28,19,Fletcher,Flosi,394 Manchester Blvd
49,20,Bette,Nicka,6 S 33rd St
5,21,Veronika,Inouye,6 Greenleaf Ave
3,22,Willard,Kolmetz,618 W Yakima Ave
4,23,Maryann,Royster,74 S Westgate St
6,24,Alisha,Slusarski,3273 State St
7,25,Allene,Iturbide,1 Central Ave
8,26,Chanel,Caudy,86 Nw 66th St #8673
9,27,Ezekiel,Chui,2 Cedar Ave #84
10,28,Willow,Kusko,90991 Thorburn Ave
11,29,Bernardo,Figeroa,386 9th Ave N
12,30,Ammie,Corrio,74874 Atlantic Ave
13,31,Francine,Vocelka,366 South Dr
15,32,Ernie,Stenseth,45 E Liberty St
17,33,Albina,Glick,4 Ralph Ct
18,34,Alishia,Sergi,2742 Distribution Way
19,35,Solange,Shinko,426 Wolf St
20,36,Jose,Stockham,128 Bransten Rd
21,37,Rozella,Ostrosky,17 Morena Blvd
22,38,Valentine,Gillian,775 W 17th St
23,39,Kati,Rulapaugh,6980 Dorsett Rd
24,40,Youlanda,Schemmer,2881 Lewis Rd
25,41,Dyan,Oldroyd,7219 Woodfield Rd
26,42,Roxane,Campain,1048 Main St
29,43,Lavera,Perin,678 3rd Ave
30,44,Erick,Ferencz,20 S Babcock St
32,45,Fatima,Saylors,2 Lighthouse Ave
36,46,Jina,Briddick,38938 Park Blvd
33,47,Kanisha,Waycott,5 Tomahawk Dr
35,48,Emerson,Bowley,762 S Main St
37,49,Blair,Malet,209 Decker Dr
39,50,Brock,Bolognia,4486 W O St #1
41,51,Lorrie,Nestle,39 S 7th St
42,52,Sabra,Uyetake,98839 Hawthorne Blvd #6101
47,53,Marjory,Mastella,71 San Mateo Ave
51,54,Karl,Klonowski,76 Brooks St #9
52,55,Tonette,Wenner,4545 Courthouse Rd
53,56,Amber,Monarrez,14288 Foster Ave #4121
54,57,Shenika,Seewald,4 Otis St
55,58,Delmy,Ahle,65895 S 16th St
56,59,Deeanna,Juhas,14302 Pennsylvania Ave
57,60,Blondell,Pugh,201 Hawk Ct
58,61,Jamal,Vanausdal,53075 Sw 152nd Ter #615
60,62,Cecily,Hollack,59 N Groesbeck Hwy
61,63,Carmelina,Lindall,2664 Lewis Rd
62,64,Maurine,Yglesias,59 Shady Ln #53
66,65,Tawna,Buvens,3305 Nabell Ave #679
65,66,Penney,Weight,18 Fountain St
67,67,Elly,Morocco,7 W 32nd St
68,68,Ilene,Eroman,2853 S Central Expy
69,69,Vallie,Mondella,74 W College St
70,70,Kallie,Blackwood,701 S Harrison Rd
71,71,Johnetta,Abdallah,1088 Pinehurst St
72,72,Bobbye,Rhym,30 W 80th St #1995
73,73,Micaela,Rhymes,20932 Hedley St
74,74,Tamar,Hoogland,2737 Pistorio Rd #9230
77,75,Moon,Parlato,74989 Brandon St
75,76,Laurel,Reitler,6 Kains Ave
76,77,Delisa,Crupi,47565 W Grand Ave
78,78,Viva,Toelkes,4284 Dorigo Ln
79,79,Elza,Lipke,6794 Lake Dr E
80,80,Devorah,Chickering,31 Douglas Blvd #950
